{
  "valueSet": "http://medimind.ge/fhir/ValueSet/citizenship",
  "version": "1.0.0",
  "description": "ISO 3166-1 country codes with Georgian, English, and Russian translations for patient citizenship",
  "countries": [
    { "code": "GE", "numeric": "268", "displayKa": "საქართველო", "displayEn": "Georgia", "displayRu": "Грузия" },
    { "code": "AF", "numeric": "004", "displayKa": "ავღანეთი", "displayEn": "Afghanistan", "displayRu": "Афганистан" },
    { "code": "AL", "numeric": "008", "displayKa": "ალბანეთი", "displayEn": "Albania", "displayRu": "Албания" },
    { "code": "DZ", "numeric": "012", "displayKa": "ალჟირი", "displayEn": "Algeria", "displayRu": "Алжир" },
    { "code": "AS", "numeric": "016", "displayKa": "ამერიკული სამოა", "displayEn": "American Samoa", "displayRu": "Американское Самоа" },
    { "code": "AD", "numeric": "020", "displayKa": "ანდორა", "displayEn": "Andorra", "displayRu": "Андорра" },
    { "code": "AO", "numeric": "024", "displayKa": "ანგოლა", "displayEn": "Angola", "displayRu": "Ангола" },
    { "code": "AI", "numeric": "660", "displayKa": "ანგილია", "displayEn": "Anguilla", "displayRu": "Ангилья" },
    { "code": "AQ", "numeric": "010", "displayKa": "ანტარქტიდა", "displayEn": "Antarctica", "displayRu": "Антарктида" },
    { "code": "AG", "numeric": "028", "displayKa": "ანტიგუა და ბარბუდა", "displayEn": "Antigua and Barbuda", "displayRu": "Антигуа и Барбуда" },
    { "code": "AR", "numeric": "032", "displayKa": "არგენტინა", "displayEn": "Argentina", "displayRu": "Аргентина" },
    { "code": "AM", "numeric": "051", "displayKa": "სომხეთი", "displayEn": "Armenia", "displayRu": "Армения" },
    { "code": "AW", "numeric": "533", "displayKa": "არუბა", "displayEn": "Aruba", "displayRu": "Аруба" },
    { "code": "AU", "numeric": "036", "displayKa": "ავსტრალია", "displayEn": "Australia", "displayRu": "Австралия" },
    { "code": "AT", "numeric": "040", "displayKa": "ავსტრია", "displayEn": "Austria", "displayRu": "Австрия" },
    { "code": "AZ", "numeric": "031", "displayKa": "აზერბაიჯანი", "displayEn": "Azerbaijan", "displayRu": "Азербайджан" },
    { "code": "BS", "numeric": "044", "displayKa": "ბაჰამის კუნძულები", "displayEn": "Bahamas", "displayRu": "Багамские острова" },
    { "code": "BH", "numeric": "048", "displayKa": "ბაჰრეინი", "displayEn": "Bahrain", "displayRu": "Бахрейн" },
    { "code": "BD", "numeric": "050", "displayKa": "ბანგლადეში", "displayEn": "Bangladesh", "displayRu": "Бангладеш" },
    { "code": "BB", "numeric": "052", "displayKa": "ბარბადოსი", "displayEn": "Barbados", "displayRu": "Барбадос" },
    { "code": "BY", "numeric": "112", "displayKa": "ბელორუსია", "displayEn": "Belarus", "displayRu": "Беларусь" },
    { "code": "BE", "numeric": "056", "displayKa": "ბელგია", "displayEn": "Belgium", "displayRu": "Бельгия" },
    { "code": "BZ", "numeric": "084", "displayKa": "ბელიზი", "displayEn": "Belize", "displayRu": "Белиз" },
    { "code": "BJ", "numeric": "204", "displayKa": "ბენინი", "displayEn": "Benin", "displayRu": "Бенин" },
    { "code": "BM", "numeric": "060", "displayKa": "ბერმუდის კუნძულები", "displayEn": "Bermuda", "displayRu": "Бермудские острова" },
    { "code": "BT", "numeric": "064", "displayKa": "ბუტანი", "displayEn": "Bhutan", "displayRu": "Бутан" },
    { "code": "BO", "numeric": "068", "displayKa": "ბოლივია", "displayEn": "Bolivia", "displayRu": "Боливия" },
    { "code": "BQ", "numeric": "535", "displayKa": "ბონეირ, სინტ-ესტატიუსი და საბა", "displayEn": "Bonaire, Sint Eustatius and Saba", "displayRu": "Бонэйр, Синт-Эстатиус и Саба" },
    { "code": "BA", "numeric": "070", "displayKa": "ბოსნია და ჰერცეგოვინა", "displayEn": "Bosnia and Herzegovina", "displayRu": "Босния и Герцеговина" },
    { "code": "BW", "numeric": "072", "displayKa": "ბოტსვანა", "displayEn": "Botswana", "displayRu": "Ботсвана" },
    { "code": "BV", "numeric": "074", "displayKa": "ბუვეს კუნძული", "displayEn": "Bouvet Island", "displayRu": "Остров Буве" },
    { "code": "BR", "numeric": "076", "displayKa": "ბრაზილია", "displayEn": "Brazil", "displayRu": "Бразилия" },
    { "code": "IO", "numeric": "086", "displayKa": "ბრიტანეთის ტერიტორია ინდოეთის ოკეანეში", "displayEn": "British Indian Ocean Territory", "displayRu": "Британская территория в Индийском океане" },
    { "code": "BN", "numeric": "096", "displayKa": "ბრუნეი", "displayEn": "Brunei Darussalam", "displayRu": "Бруней" },
    { "code": "BG", "numeric": "100", "displayKa": "ბულგარეთი", "displayEn": "Bulgaria", "displayRu": "Болгария" },
    { "code": "BF", "numeric": "854", "displayKa": "ბურკინა-ფასო", "displayEn": "Burkina Faso", "displayRu": "Буркина-Фасо" },
    { "code": "BI", "numeric": "108", "displayKa": "ბურუნდი", "displayEn": "Burundi", "displayRu": "Бурунди" },
    { "code": "CV", "numeric": "132", "displayKa": "კაბო-ვერდე", "displayEn": "Cabo Verde", "displayRu": "Кабо-Верде" },
    { "code": "KH", "numeric": "116", "displayKa": "კამბოჯა", "displayEn": "Cambodia", "displayRu": "Камбоджа" },
    { "code": "CM", "numeric": "120", "displayKa": "კამერუნი", "displayEn": "Cameroon", "displayRu": "Камерун" },
    { "code": "CA", "numeric": "124", "displayKa": "კანადა", "displayEn": "Canada", "displayRu": "Канада" },
    { "code": "KY", "numeric": "136", "displayKa": "კაიმანის კუნძულები", "displayEn": "Cayman Islands", "displayRu": "Каймановы острова" },
    { "code": "CF", "numeric": "140", "displayKa": "ცენტრალური აფრიკის რესპუბლიკა", "displayEn": "Central African Republic", "displayRu": "Центральноафриканская Республика" },
    { "code": "TD", "numeric": "148", "displayKa": "ჩადი", "displayEn": "Chad", "displayRu": "Чад" },
    { "code": "CL", "numeric": "152", "displayKa": "ჩილე", "displayEn": "Chile", "displayRu": "Чили" },
    { "code": "CN", "numeric": "156", "displayKa": "ჩინეთი", "displayEn": "China", "displayRu": "Китай" },
    { "code": "CX", "numeric": "162", "displayKa": "შობის კუნძული", "displayEn": "Christmas Island", "displayRu": "Остров Рождества" },
    { "code": "CC", "numeric": "166", "displayKa": "ქოქოსის (კილინგის) კუნძულები", "displayEn": "Cocos (Keeling) Islands", "displayRu": "Кокосовые (Килинг) острова" },
    { "code": "CO", "numeric": "170", "displayKa": "კოლუმბია", "displayEn": "Colombia", "displayRu": "Колумбия" },
    { "code": "KM", "numeric": "174", "displayKa": "კომორის კუნძულები", "displayEn": "Comoros", "displayRu": "Коморские острова" },
    { "code": "CG", "numeric": "178", "displayKa": "კონგო", "displayEn": "Congo", "displayRu": "Конго" },
    { "code": "CD", "numeric": "180", "displayKa": "კონგოს დემოკრატიული რესპუბლიკა", "displayEn": "Congo, Democratic Republic", "displayRu": "Конго, Демократическая Республика" },
    { "code": "CK", "numeric": "184", "displayKa": "კუკის კუნძულები", "displayEn": "Cook Islands", "displayRu": "Острова Кука" },
    { "code": "CR", "numeric": "188", "displayKa": "კოსტა-რიკა", "displayEn": "Costa Rica", "displayRu": "Коста-Рика" },
    { "code": "CI", "numeric": "384", "displayKa": "კოტ-დივუარი", "displayEn": "Côte d'Ivoire", "displayRu": "Кот-д'Ивуар" },
    { "code": "HR", "numeric": "191", "displayKa": "ხორვატია", "displayEn": "Croatia", "displayRu": "Хорватия" },
    { "code": "CU", "numeric": "192", "displayKa": "კუბა", "displayEn": "Cuba", "displayRu": "Куба" },
    { "code": "CW", "numeric": "531", "displayKa": "კიურასაო", "displayEn": "Curaçao", "displayRu": "Кюрасао" },
    { "code": "CY", "numeric": "196", "displayKa": "კვიპროსი", "displayEn": "Cyprus", "displayRu": "Кипр" },
    { "code": "CZ", "numeric": "203", "displayKa": "ჩეხეთი", "displayEn": "Czechia", "displayRu": "Чехия" },
    { "code": "DK", "numeric": "208", "displayKa": "დანია", "displayEn": "Denmark", "displayRu": "Дания" },
    { "code": "DJ", "numeric": "262", "displayKa": "ჯიბუტი", "displayEn": "Djibouti", "displayRu": "Джибути" },
    { "code": "DM", "numeric": "212", "displayKa": "დომინიკა", "displayEn": "Dominica", "displayRu": "Доминика" },
    { "code": "DO", "numeric": "214", "displayKa": "დომინიკის რესპუბლიკა", "displayEn": "Dominican Republic", "displayRu": "Доминиканская Республика" },
    { "code": "EC", "numeric": "218", "displayKa": "ეკვადორი", "displayEn": "Ecuador", "displayRu": "Эквадор" },
    { "code": "EG", "numeric": "818", "displayKa": "ეგვიპტე", "displayEn": "Egypt", "displayRu": "Египет" },
    { "code": "SV", "numeric": "222", "displayKa": "სალვადორი", "displayEn": "El Salvador", "displayRu": "Сальвадор" },
    { "code": "GQ", "numeric": "226", "displayKa": "ეკვატორული გვინეა", "displayEn": "Equatorial Guinea", "displayRu": "Экваториальная Гвинея" },
    { "code": "ER", "numeric": "232", "displayKa": "ერიტრეა", "displayEn": "Eritrea", "displayRu": "Эритрея" },
    { "code": "EE", "numeric": "233", "displayKa": "ესტონეთი", "displayEn": "Estonia", "displayRu": "Эстония" },
    { "code": "SZ", "numeric": "748", "displayKa": "ესვატინი", "displayEn": "Eswatini", "displayRu": "Эсватини" },
    { "code": "ET", "numeric": "231", "displayKa": "ეთიოპია", "displayEn": "Ethiopia", "displayRu": "Эфиопия" },
    { "code": "FK", "numeric": "238", "displayKa": "ფოლკლენდის კუნძულები", "displayEn": "Falkland Islands", "displayRu": "Фолклендские острова" },
    { "code": "FO", "numeric": "234", "displayKa": "ფარერის კუნძულები", "displayEn": "Faroe Islands", "displayRu": "Фарерские острова" },
    { "code": "FJ", "numeric": "242", "displayKa": "ფიჯი", "displayEn": "Fiji", "displayRu": "Фиджи" },
    { "code": "FI", "numeric": "246", "displayKa": "ფინეთი", "displayEn": "Finland", "displayRu": "Финляндия" },
    { "code": "FR", "numeric": "250", "displayKa": "საფრანგეთი", "displayEn": "France", "displayRu": "Франция" },
    { "code": "GF", "numeric": "254", "displayKa": "საფრანგეთის გვიანა", "displayEn": "French Guiana", "displayRu": "Французская Гвиана" },
    { "code": "PF", "numeric": "258", "displayKa": "საფრანგეთის პოლინეზია", "displayEn": "French Polynesia", "displayRu": "Французская Полинезия" },
    { "code": "TF", "numeric": "260", "displayKa": "საფრანგეთის სამხრეთული და ანტარქტიკული ტერიტორიები", "displayEn": "French Southern Territories", "displayRu": "Французские Южные территории" },
    { "code": "GA", "numeric": "266", "displayKa": "გაბონი", "displayEn": "Gabon", "displayRu": "Габон" },
    { "code": "GM", "numeric": "270", "displayKa": "გამბია", "displayEn": "Gambia", "displayRu": "Гамбия" },
    { "code": "DE", "numeric": "276", "displayKa": "გერმანია", "displayEn": "Germany", "displayRu": "Германия" },
    { "code": "GH", "numeric": "288", "displayKa": "განა", "displayEn": "Ghana", "displayRu": "Гана" },
    { "code": "GI", "numeric": "292", "displayKa": "გიბრალტარი", "displayEn": "Gibraltar", "displayRu": "Гибралтар" },
    { "code": "GR", "numeric": "300", "displayKa": "საბერძნეთი", "displayEn": "Greece", "displayRu": "Греция" },
    { "code": "GL", "numeric": "304", "displayKa": "გრენლანდია", "displayEn": "Greenland", "displayRu": "Гренландия" },
    { "code": "GD", "numeric": "308", "displayKa": "გრენადა", "displayEn": "Grenada", "displayRu": "Гренада" },
    { "code": "GP", "numeric": "312", "displayKa": "გვადელუპა", "displayEn": "Guadeloupe", "displayRu": "Гваделупа" },
    { "code": "GU", "numeric": "316", "displayKa": "გუამი", "displayEn": "Guam", "displayRu": "Гуам" },
    { "code": "GT", "numeric": "320", "displayKa": "გვატემალა", "displayEn": "Guatemala", "displayRu": "Гватемала" },
    { "code": "GG", "numeric": "831", "displayKa": "გერნსი", "displayEn": "Guernsey", "displayRu": "Гернси" },
    { "code": "GN", "numeric": "324", "displayKa": "გვინეა", "displayEn": "Guinea", "displayRu": "Гвинея" },
    { "code": "GW", "numeric": "624", "displayKa": "გვინეა-ბისაუ", "displayEn": "Guinea-Bissau", "displayRu": "Гвинея-Бисау" },
    { "code": "GY", "numeric": "328", "displayKa": "გაიანა", "displayEn": "Guyana", "displayRu": "Гайана" },
    { "code": "HT", "numeric": "332", "displayKa": "ჰაიტი", "displayEn": "Haiti", "displayRu": "Гаити" },
    { "code": "HM", "numeric": "334", "displayKa": "ჰერდის კუნძული და მაკდონალდის კუნძულები", "displayEn": "Heard Island and McDonald Islands", "displayRu": "Остров Херд и острова Макдональд" },
    { "code": "VA", "numeric": "336", "displayKa": "ვატიკანი", "displayEn": "Holy See", "displayRu": "Святой Престол" },
    { "code": "HN", "numeric": "340", "displayKa": "ჰონდურასი", "displayEn": "Honduras", "displayRu": "Гондурас" },
    { "code": "HK", "numeric": "344", "displayKa": "ჰონკონგი", "displayEn": "Hong Kong", "displayRu": "Гонконг" },
    { "code": "HU", "numeric": "348", "displayKa": "უნგრეთი", "displayEn": "Hungary", "displayRu": "Венгрия" },
    { "code": "IS", "numeric": "352", "displayKa": "ისლანდია", "displayEn": "Iceland", "displayRu": "Исландия" },
    { "code": "IN", "numeric": "356", "displayKa": "ინდოეთი", "displayEn": "India", "displayRu": "Индия" },
    { "code": "ID", "numeric": "360", "displayKa": "ინდონეზია", "displayEn": "Indonesia", "displayRu": "Индонезия" },
    { "code": "IR", "numeric": "364", "displayKa": "ირანი", "displayEn": "Iran", "displayRu": "Иран" },
    { "code": "IQ", "numeric": "368", "displayKa": "ერაყი", "displayEn": "Iraq", "displayRu": "Ирак" },
    { "code": "IE", "numeric": "372", "displayKa": "ირლანდია", "displayEn": "Ireland", "displayRu": "Ирландия" },
    { "code": "IM", "numeric": "833", "displayKa": "მენის კუნძული", "displayEn": "Isle of Man", "displayRu": "Остров Мэн" },
    { "code": "IL", "numeric": "376", "displayKa": "ისრაელი", "displayEn": "Israel", "displayRu": "Израиль" },
    { "code": "IT", "numeric": "380", "displayKa": "იტალია", "displayEn": "Italy", "displayRu": "Италия" },
    { "code": "JM", "numeric": "388", "displayKa": "იამაიკა", "displayEn": "Jamaica", "displayRu": "Ямайка" },
    { "code": "JP", "numeric": "392", "displayKa": "იაპონია", "displayEn": "Japan", "displayRu": "Япония" },
    { "code": "JE", "numeric": "832", "displayKa": "ჯერსი", "displayEn": "Jersey", "displayRu": "Джерси" },
    { "code": "JO", "numeric": "400", "displayKa": "იორდანია", "displayEn": "Jordan", "displayRu": "Иордания" },
    { "code": "KZ", "numeric": "398", "displayKa": "ყაზახეთი", "displayEn": "Kazakhstan", "displayRu": "Казахстан" },
    { "code": "KE", "numeric": "404", "displayKa": "კენია", "displayEn": "Kenya", "displayRu": "Кения" },
    { "code": "KI", "numeric": "296", "displayKa": "კირიბატი", "displayEn": "Kiribati", "displayRu": "Кирибати" },
    { "code": "KP", "numeric": "408", "displayKa": "ჩრდილოეთ კორეა", "displayEn": "North Korea", "displayRu": "Северная Корея" },
    { "code": "KR", "numeric": "410", "displayKa": "სამხრეთ კორეა", "displayEn": "South Korea", "displayRu": "Южная Корея" },
    { "code": "KW", "numeric": "414", "displayKa": "ქუვეითი", "displayEn": "Kuwait", "displayRu": "Кувейт" },
    { "code": "KG", "numeric": "417", "displayKa": "ყირგიზეთი", "displayEn": "Kyrgyzstan", "displayRu": "Киргизия" },
    { "code": "LA", "numeric": "418", "displayKa": "ლაოსი", "displayEn": "Laos", "displayRu": "Лаос" },
    { "code": "LV", "numeric": "428", "displayKa": "ლატვია", "displayEn": "Latvia", "displayRu": "Латвия" },
    { "code": "LB", "numeric": "422", "displayKa": "ლიბანი", "displayEn": "Lebanon", "displayRu": "Ливан" },
    { "code": "LS", "numeric": "426", "displayKa": "ლესოთო", "displayEn": "Lesotho", "displayRu": "Лесото" },
    { "code": "LR", "numeric": "430", "displayKa": "ლიბერია", "displayEn": "Liberia", "displayRu": "Либерия" },
    { "code": "LY", "numeric": "434", "displayKa": "ლიბია", "displayEn": "Libya", "displayRu": "Ливия" },
    { "code": "LI", "numeric": "438", "displayKa": "ლიხტენშტეინი", "displayEn": "Liechtenstein", "displayRu": "Лихтенштейн" },
    { "code": "LT", "numeric": "440", "displayKa": "ლიტვა", "displayEn": "Lithuania", "displayRu": "Литва" },
    { "code": "LU", "numeric": "442", "displayKa": "ლუქსემბურგი", "displayEn": "Luxembourg", "displayRu": "Люксембург" },
    { "code": "MO", "numeric": "446", "displayKa": "მაკაო", "displayEn": "Macao", "displayRu": "Макао" },
    { "code": "MG", "numeric": "450", "displayKa": "მადაგასკარი", "displayEn": "Madagascar", "displayRu": "Мадагаскар" },
    { "code": "MW", "numeric": "454", "displayKa": "მალავი", "displayEn": "Malawi", "displayRu": "Малави" },
    { "code": "MY", "numeric": "458", "displayKa": "მალაიზია", "displayEn": "Malaysia", "displayRu": "Малайзия" },
    { "code": "MV", "numeric": "462", "displayKa": "მალდივები", "displayEn": "Maldives", "displayRu": "Мальдивы" },
    { "code": "ML", "numeric": "466", "displayKa": "მალი", "displayEn": "Mali", "displayRu": "Мали" },
    { "code": "MT", "numeric": "470", "displayKa": "მალტა", "displayEn": "Malta", "displayRu": "Мальта" },
    { "code": "MH", "numeric": "584", "displayKa": "მარშალის კუნძულები", "displayEn": "Marshall Islands", "displayRu": "Маршалловы острова" },
    { "code": "MQ", "numeric": "474", "displayKa": "მარტინიკა", "displayEn": "Martinique", "displayRu": "Мартиника" },
    { "code": "MR", "numeric": "478", "displayKa": "მავრიტანია", "displayEn": "Mauritania", "displayRu": "Мавритания" },
    { "code": "MU", "numeric": "480", "displayKa": "მავრიკი", "displayEn": "Mauritius", "displayRu": "Маврикий" },
    { "code": "YT", "numeric": "175", "displayKa": "მაიოტა", "displayEn": "Mayotte", "displayRu": "Майотта" },
    { "code": "MX", "numeric": "484", "displayKa": "მექსიკა", "displayEn": "Mexico", "displayRu": "Мексика" },
    { "code": "FM", "numeric": "583", "displayKa": "მიკრონეზია", "displayEn": "Micronesia", "displayRu": "Микронезия" },
    { "code": "MD", "numeric": "498", "displayKa": "მოლდოვა", "displayEn": "Moldova", "displayRu": "Молдова" },
    { "code": "MC", "numeric": "492", "displayKa": "მონაკო", "displayEn": "Monaco", "displayRu": "Монако" },
    { "code": "MN", "numeric": "496", "displayKa": "მონღოლეთი", "displayEn": "Mongolia", "displayRu": "Монголия" },
    { "code": "ME", "numeric": "499", "displayKa": "მონტენეგრო", "displayEn": "Montenegro", "displayRu": "Черногория" },
    { "code": "MS", "numeric": "500", "displayKa": "მონსერატი", "displayEn": "Montserrat", "displayRu": "Монтсеррат" },
    { "code": "MA", "numeric": "504", "displayKa": "მაროკო", "displayEn": "Morocco", "displayRu": "Марокко" },
    { "code": "MZ", "numeric": "508", "displayKa": "მოზამბიკი", "displayEn": "Mozambique", "displayRu": "Мозамбик" },
    { "code": "MM", "numeric": "104", "displayKa": "მიანმარი", "displayEn": "Myanmar", "displayRu": "Мьянма" },
    { "code": "NA", "numeric": "516", "displayKa": "ნამიბია", "displayEn": "Namibia", "displayRu": "Намибия" },
    { "code": "NR", "numeric": "520", "displayKa": "ნაურუ", "displayEn": "Nauru", "displayRu": "Науру" },
    { "code": "NP", "numeric": "524", "displayKa": "ნეპალი", "displayEn": "Nepal", "displayRu": "Непал" },
    { "code": "NL", "numeric": "528", "displayKa": "ნიდერლანდები", "displayEn": "Netherlands", "displayRu": "Нидерланды" },
    { "code": "NC", "numeric": "540", "displayKa": "ახალი კალედონია", "displayEn": "New Caledonia", "displayRu": "Новая Каледония" },
    { "code": "NZ", "numeric": "554", "displayKa": "ახალი ზელანდია", "displayEn": "New Zealand", "displayRu": "Новая Зеландия" },
    { "code": "NI", "numeric": "558", "displayKa": "ნიკარაგუა", "displayEn": "Nicaragua", "displayRu": "Никарагуа" },
    { "code": "NE", "numeric": "562", "displayKa": "ნიგერი", "displayEn": "Niger", "displayRu": "Нигер" },
    { "code": "NG", "numeric": "566", "displayKa": "ნიგერია", "displayEn": "Nigeria", "displayRu": "Нигерия" },
    { "code": "NU", "numeric": "570", "displayKa": "ნიუე", "displayEn": "Niue", "displayRu": "Ниуэ" },
    { "code": "NF", "numeric": "574", "displayKa": "ნორფოლკის კუნძული", "displayEn": "Norfolk Island", "displayRu": "Остров Норфолк" },
    { "code": "MK", "numeric": "807", "displayKa": "ჩრდილოეთ მაკედონია", "displayEn": "North Macedonia", "displayRu": "Северная Македония" },
    { "code": "MP", "numeric": "580", "displayKa": "ჩრდილოეთ მარიანის კუნძულები", "displayEn": "Northern Mariana Islands", "displayRu": "Северные Марианские острова" },
    { "code": "NO", "numeric": "578", "displayKa": "ნორვეგია", "displayEn": "Norway", "displayRu": "Норвегия" },
    { "code": "OM", "numeric": "512", "displayKa": "ომანი", "displayEn": "Oman", "displayRu": "Оман" },
    { "code": "PK", "numeric": "586", "displayKa": "პაკისტანი", "displayEn": "Pakistan", "displayRu": "Пакистан" },
    { "code": "PW", "numeric": "585", "displayKa": "პალაუ", "displayEn": "Palau", "displayRu": "Палау" },
    { "code": "PS", "numeric": "275", "displayKa": "პალესტინა", "displayEn": "Palestine", "displayRu": "Палестина" },
    { "code": "PA", "numeric": "591", "displayKa": "პანამა", "displayEn": "Panama", "displayRu": "Панама" },
    { "code": "PG", "numeric": "598", "displayKa": "პაპუა-ახალი გვინეა", "displayEn": "Papua New Guinea", "displayRu": "Папуа - Новая Гвинея" },
    { "code": "PY", "numeric": "600", "displayKa": "პარაგვაი", "displayEn": "Paraguay", "displayRu": "Парагвай" },
    { "code": "PE", "numeric": "604", "displayKa": "პერუ", "displayEn": "Peru", "displayRu": "Перу" },
    { "code": "PH", "numeric": "608", "displayKa": "ფილიპინები", "displayEn": "Philippines", "displayRu": "Филиппины" },
    { "code": "PN", "numeric": "612", "displayKa": "პიტკერნის კუნძულები", "displayEn": "Pitcairn", "displayRu": "Острова Питкэрн" },
    { "code": "PL", "numeric": "616", "displayKa": "პოლონეთი", "displayEn": "Poland", "displayRu": "Польша" },
    { "code": "PT", "numeric": "620", "displayKa": "პორტუგალია", "displayEn": "Portugal", "displayRu": "Португалия" },
    { "code": "PR", "numeric": "630", "displayKa": "პუერტო-რიკო", "displayEn": "Puerto Rico", "displayRu": "Пуэрто-Рико" },
    { "code": "QA", "numeric": "634", "displayKa": "ყატარი", "displayEn": "Qatar", "displayRu": "Катар" },
    { "code": "RE", "numeric": "638", "displayKa": "რეიუნიონი", "displayEn": "Réunion", "displayRu": "Реюньон" },
    { "code": "RO", "numeric": "642", "displayKa": "რუმინეთი", "displayEn": "Romania", "displayRu": "Румыния" },
    { "code": "RU", "numeric": "643", "displayKa": "რუსეთი", "displayEn": "Russian Federation", "displayRu": "Российская Федерация" },
    { "code": "RW", "numeric": "646", "displayKa": "რუანდა", "displayEn": "Rwanda", "displayRu": "Руанда" },
    { "code": "BL", "numeric": "652", "displayKa": "სენ-ბართელმი", "displayEn": "Saint Barthélemy", "displayRu": "Сен-Бартелеми" },
    { "code": "SH", "numeric": "654", "displayKa": "წმინდა ელენეს კუნძული", "displayEn": "Saint Helena", "displayRu": "Остров Святой Елены" },
    { "code": "KN", "numeric": "659", "displayKa": "სენტ-კიტსი და ნევისი", "displayEn": "Saint Kitts and Nevis", "displayRu": "Сент-Китс и Невис" },
    { "code": "LC", "numeric": "662", "displayKa": "სენტ-ლუსია", "displayEn": "Saint Lucia", "displayRu": "Сент-Люсия" },
    { "code": "MF", "numeric": "663", "displayKa": "სენ-მარტენი", "displayEn": "Saint Martin", "displayRu": "Сен-Мартен" },
    { "code": "PM", "numeric": "666", "displayKa": "სენ-პიერი და მიკელონი", "displayEn": "Saint Pierre and Miquelon", "displayRu": "Сен-Пьер и Микелон" },
    { "code": "VC", "numeric": "670", "displayKa": "სენტ-ვინსენტი და გრენადინები", "displayEn": "Saint Vincent and the Grenadines", "displayRu": "Сент-Винсент и Гренадины" },
    { "code": "WS", "numeric": "882", "displayKa": "სამოა", "displayEn": "Samoa", "displayRu": "Самоа" },
    { "code": "SM", "numeric": "674", "displayKa": "სან-მარინო", "displayEn": "San Marino", "displayRu": "Сан-Марино" },
    { "code": "ST", "numeric": "678", "displayKa": "სან-ტომე და პრინსიპი", "displayEn": "Sao Tome and Principe", "displayRu": "Сан-Томе и Принсипи" },
    { "code": "SA", "numeric": "682", "displayKa": "საუდის არაბეთი", "displayEn": "Saudi Arabia", "displayRu": "Саудовская Аравия" },
    { "code": "SN", "numeric": "686", "displayKa": "სენეგალი", "displayEn": "Senegal", "displayRu": "Сенегал" },
    { "code": "RS", "numeric": "688", "displayKa": "სერბეთი", "displayEn": "Serbia", "displayRu": "Сербия" },
    { "code": "SC", "numeric": "690", "displayKa": "სეიშელის კუნძულები", "displayEn": "Seychelles", "displayRu": "Сейшельские острова" },
    { "code": "SL", "numeric": "694", "displayKa": "სიერა-ლეონე", "displayEn": "Sierra Leone", "displayRu": "Сьерра-Леоне" },
    { "code": "SG", "numeric": "702", "displayKa": "სინგაპური", "displayEn": "Singapore", "displayRu": "Сингапур" },
    { "code": "SX", "numeric": "534", "displayKa": "სინტ-მარტენი", "displayEn": "Sint Maarten", "displayRu": "Синт-Мартен" },
    { "code": "SK", "numeric": "703", "displayKa": "სლოვაკეთი", "displayEn": "Slovakia", "displayRu": "Словакия" },
    { "code": "SI", "numeric": "705", "displayKa": "სლოვენია", "displayEn": "Slovenia", "displayRu": "Словения" },
    { "code": "SB", "numeric": "090", "displayKa": "სოლომონის კუნძულები", "displayEn": "Solomon Islands", "displayRu": "Соломоновы острова" },
    { "code": "SO", "numeric": "706", "displayKa": "სომალი", "displayEn": "Somalia", "displayRu": "Сомали" },
    { "code": "ZA", "numeric": "710", "displayKa": "სამხრეთ აფრიკის რესპუბლიკა", "displayEn": "South Africa", "displayRu": "Южно-Африканская Республика" },
    { "code": "GS", "numeric": "239", "displayKa": "სამხრეთ ჯორჯია და სამხრეთ სანდვიჩის კუნძულები", "displayEn": "South Georgia and South Sandwich Islands", "displayRu": "Южная Георгия и Южные Сандвичевы острова" },
    { "code": "SS", "numeric": "728", "displayKa": "სამხრეთ სუდანი", "displayEn": "South Sudan", "displayRu": "Южный Судан" },
    { "code": "ES", "numeric": "724", "displayKa": "ესპანეთი", "displayEn": "Spain", "displayRu": "Испания" },
    { "code": "LK", "numeric": "144", "displayKa": "შრი-ლანკა", "displayEn": "Sri Lanka", "displayRu": "Шри-Ланка" },
    { "code": "SD", "numeric": "729", "displayKa": "სუდანი", "displayEn": "Sudan", "displayRu": "Судан" },
    { "code": "SR", "numeric": "740", "displayKa": "სურინამი", "displayEn": "Suriname", "displayRu": "Суринам" },
    { "code": "SJ", "numeric": "744", "displayKa": "შპიცბერგენი და იან-მაიენი", "displayEn": "Svalbard and Jan Mayen", "displayRu": "Шпицберген и Ян-Майен" },
    { "code": "SE", "numeric": "752", "displayKa": "შვედეთი", "displayEn": "Sweden", "displayRu": "Швеция" },
    { "code": "CH", "numeric": "756", "displayKa": "შვეიცარია", "displayEn": "Switzerland", "displayRu": "Швейцария" },
    { "code": "SY", "numeric": "760", "displayKa": "სირია", "displayEn": "Syrian Arab Republic", "displayRu": "Сирия" },
    { "code": "TW", "numeric": "158", "displayKa": "ტაივანი", "displayEn": "Taiwan", "displayRu": "Тайвань" },
    { "code": "TJ", "numeric": "762", "displayKa": "ტაჯიკეთი", "displayEn": "Tajikistan", "displayRu": "Таджикистан" },
    { "code": "TZ", "numeric": "834", "displayKa": "ტანზანია", "displayEn": "Tanzania", "displayRu": "Танзания" },
    { "code": "TH", "numeric": "764", "displayKa": "ტაილანდი", "displayEn": "Thailand", "displayRu": "Таиланд" },
    { "code": "TL", "numeric": "626", "displayKa": "აღმოსავლეთ ტიმორი", "displayEn": "Timor-Leste", "displayRu": "Восточный Тимор" },
    { "code": "TG", "numeric": "768", "displayKa": "ტოგო", "displayEn": "Togo", "displayRu": "Того" },
    { "code": "TK", "numeric": "772", "displayKa": "ტოკელაუ", "displayEn": "Tokelau", "displayRu": "Токелау" },
    { "code": "TO", "numeric": "776", "displayKa": "ტონგა", "displayEn": "Tonga", "displayRu": "Тонга" },
    { "code": "TT", "numeric": "780", "displayKa": "ტრინიდადი და ტობაგო", "displayEn": "Trinidad and Tobago", "displayRu": "Тринидад и Тобаго" },
    { "code": "TN", "numeric": "788", "displayKa": "ტუნისი", "displayEn": "Tunisia", "displayRu": "Тунис" },
    { "code": "TR", "numeric": "792", "displayKa": "თურქეთი", "displayEn": "Turkey", "displayRu": "Турция" },
    { "code": "TM", "numeric": "795", "displayKa": "თურქმენეთი", "displayEn": "Turkmenistan", "displayRu": "Туркменистан" },
    { "code": "TC", "numeric": "796", "displayKa": "თერქს-ქაიქოსის კუნძულები", "displayEn": "Turks and Caicos Islands", "displayRu": "Острова Теркс и Кайкос" },
    { "code": "TV", "numeric": "798", "displayKa": "ტუვალუ", "displayEn": "Tuvalu", "displayRu": "Тувалу" },
    { "code": "UG", "numeric": "800", "displayKa": "უგანდა", "displayEn": "Uganda", "displayRu": "Уганда" },
    { "code": "UA", "numeric": "804", "displayKa": "უკრაინა", "displayEn": "Ukraine", "displayRu": "Украина" },
    { "code": "AE", "numeric": "784", "displayKa": "არაბეთის გაერთიანებული საემიროები", "displayEn": "United Arab Emirates", "displayRu": "Объединенные Арабские Эмираты" },
    { "code": "GB", "numeric": "826", "displayKa": "გაერთიანებული სამეფო", "displayEn": "United Kingdom", "displayRu": "Великобритания" },
    { "code": "US", "numeric": "840", "displayKa": "ამერიკის შეერთებული შტატები", "displayEn": "United States", "displayRu": "Соединенные Штаты" },
    { "code": "UM", "numeric": "581", "displayKa": "აშშ-ის შორეული კუნძულები", "displayEn": "United States Minor Outlying Islands", "displayRu": "Внешние малые острова США" },
    { "code": "UY", "numeric": "858", "displayKa": "ურუგვაი", "displayEn": "Uruguay", "displayRu": "Уругвай" },
    { "code": "UZ", "numeric": "860", "displayKa": "უზბეკეთი", "displayEn": "Uzbekistan", "displayRu": "Узбекистан" },
    { "code": "VU", "numeric": "548", "displayKa": "ვანუატუ", "displayEn": "Vanuatu", "displayRu": "Вануату" },
    { "code": "VE", "numeric": "862", "displayKa": "ვენესუელა", "displayEn": "Venezuela", "displayRu": "Венесуэла" },
    { "code": "VN", "numeric": "704", "displayKa": "ვიეტნამი", "displayEn": "Vietnam", "displayRu": "Вьетнам" },
    { "code": "VG", "numeric": "092", "displayKa": "ვირჯინის კუნძულები (ბრიტანული)", "displayEn": "Virgin Islands (British)", "displayRu": "Виргинские острова (Британские)" },
    { "code": "VI", "numeric": "850", "displayKa": "ვირჯინის კუნძულები (აშშ)", "displayEn": "Virgin Islands (U.S.)", "displayRu": "Виргинские острова (США)" },
    { "code": "WF", "numeric": "876", "displayKa": "უოლისი და ფუტუნა", "displayEn": "Wallis and Futuna", "displayRu": "Уоллис и Футуна" },
    { "code": "EH", "numeric": "732", "displayKa": "დასავლეთ საჰარა", "displayEn": "Western Sahara", "displayRu": "Западная Сахара" },
    { "code": "YE", "numeric": "887", "displayKa": "იემენი", "displayEn": "Yemen", "displayRu": "Йемен" },
    { "code": "ZM", "numeric": "894", "displayKa": "ზამბია", "displayEn": "Zambia", "displayRu": "Замбия" },
    { "code": "ZW", "numeric": "716", "displayKa": "ზიმბაბვე", "displayEn": "Zimbabwe", "displayRu": "Зимбабве" },
    { "code": "AX", "numeric": "248", "displayKa": "ალანდის კუნძულები", "displayEn": "Åland Islands", "displayRu": "Аландские острова" },
    { "code": "XK", "numeric": "383", "displayKa": "კოსოვო", "displayEn": "Kosovo", "displayRu": "Косово" }
  ]
}
